{"LeBron James": {"mentions": 6, "comments": [0.06785236900507452, 0.06309167864450742, 0.7648667592531833, 0.07481715403599011, 0.22102972971657336, 0.851577434531088]}}