{"Steven Adams": {"mentions": 1, "comments": 0.6652367363620422}, "Kyle Anderson": {"mentions": 2, "comments": 0.1274223271482628}, "Ryan Anderson": {"mentions": 1, "comments": 0.017527252945545458}, "Carmelo Anthony": {"mentions": 1, "comments": 0.0028400038091682136}, "Trevor Ariza": {"mentions": 1, "comments": 0.2946683902975034}, "Ron Baker": {"mentions": 1, "comments": 0.9458069569984586}, "Lonzo Ball": {"mentions": 2, "comments": 0.455191429081933}, "Harrison Barnes": {"mentions": 4, "comments": 0.35696959515358073}, "Kent Bazemore": {"mentions": 1, "comments": 0.8545936100364785}, "Bogdan Bogdanovic": {"mentions": 1, "comments": 0.47789533375715576}, "Bojan Bogdanovic": {"mentions": 1, "comments": 0.8717398566164765}, "Devin Booker": {"mentions": 8, "comments": 0.44458789559709844}, "Avery Bradley": {"mentions": 4, "comments": 0.6458505761654069}, "Jaylen Brown": {"mentions": 2, "comments": 0.2068606583119459}, "Reggie Bullock": {"mentions": 1, "comments": 0.8717398566164765}, "Jimmy Butler": {"mentions": 1, "comments": 0.15783658271355452}, "Clint Capela": {"mentions": 2, "comments": 0.38586229950480044}, "DeMarre Carroll": {"mentions": 1, "comments": 0.8124894867560092}, "Mike Conley": {"mentions": 1, "comments": 0.7454119862344986}, "Pat Connaughton": {"mentions": 2, "comments": 0.33447404922238144}, "DeMarcus Cousins": {"mentions": 3, "comments": 0.7468518867332735}, "Jae Crowder": {"mentions": 1, "comments": 0.2990022372899557}, "Seth Curry": {"mentions": 4, "comments": 0.1753248264533342}, "Stephen Curry": {"mentions": 3, "comments": 0.6124244565071981}, "Anthony Davis": {"mentions": 2, "comments": 0.5828508084889612}, "DeMar DeRozan": {"mentions": 6, "comments": 0.5066347982486503}, "Spencer Dinwiddie": {"mentions": 1, "comments": 0.8124894867560092}, "Kevin Durant": {"mentions": 4, "comments": 0.5723629513819922}, "Wayne Ellington": {"mentions": 1, "comments": 0.3858815602856109}, "Joel Embiid": {"mentions": 2, "comments": 0.06021596480351066}, "Tyreke Evans": {"mentions": 2, "comments": 0.5669017836230613}, "Evan Fournier": {"mentions": 2, "comments": 0.4453002288833882}, "Markelle Fultz": {"mentions": 2, "comments": 0.37616388168657006}, "Marc Gasol": {"mentions": 2, "comments": 0.3417037209615147}, "Paul George": {"mentions": 3, "comments": 0.5921318922266227}, "Rudy Gobert": {"mentions": 2, "comments": 0.110583549219633}, "Danny Green": {"mentions": 3, "comments": 0.46447306189943904}, "Draymond Green": {"mentions": 1, "comments": 0.12044101783499526}, "Gerald Green": {"mentions": 2, "comments": 0.38865163034111166}, "Blake Griffin": {"mentions": 3, "comments": 0.4382557691339626}, "James Harden": {"mentions": 2, "comments": 0.7248347174100205}, "Joe Harris": {"mentions": 1, "comments": 0.4976237582641207}, "Tobias Harris": {"mentions": 2, "comments": 0.8074224025330394}, "Josh Hart": {"mentions": 2, "comments": 0.46418062259277804}, "Gordon Hayward": {"mentions": 1, "comments": 0.7880743835906179}, "Al Horford": {"mentions": 4, "comments": 0.6141692022380822}, "Dwight Howard": {"mentions": 4, "comments": 0.34517598791201987}, "Joe Ingles": {"mentions": 1, "comments": 0.9730573501764136}, "Kyrie Irving": {"mentions": 2, "comments": 0.7055639305951742}, "Reggie Jackson": {"mentions": 4, "comments": 0.7559760264670161}, "LeBron James": {"mentions": 8, "comments": 0.28824157080799667}, "Wesley Johnson": {"mentions": 1, "comments": 0.5366558721216838}, "DeAndre Jordan": {"mentions": 2, "comments": 0.4631994793349759}, "Kyle Korver": {"mentions": 2, "comments": 0.437410979673126}, "Kyle Kuzma": {"mentions": 2, "comments": 0.6506772046415498}, "Jeremy Lamb": {"mentions": 1, "comments": 0.8545936100364785}, "Courtney Lee": {"mentions": 1, "comments": 0.7880743835906179}, "Kawhi Leonard": {"mentions": 3, "comments": 0.6741921822676734}, "Damian Lillard": {"mentions": 2, "comments": 0.8109075913494301}, "Jeremy Lin": {"mentions": 2, "comments": 0.47389042395249437}, "Brook Lopez": {"mentions": 3, "comments": 0.4943006486412016}, "Robin Lopez": {"mentions": 1, "comments": 0.8717398566164765}, "Kevin Love": {"mentions": 3, "comments": 0.6792499868130997}, "Kyle Lowry": {"mentions": 2, "comments": 0.9197270050766095}, "Trey Lyles": {"mentions": 1, "comments": 0.017527252945545458}, "CJ McCollum": {"mentions": 3, "comments": 0.35612903566664506}, "JaVale McGee": {"mentions": 1, "comments": 0.06392252090499748}, "Khris Middleton": {"mentions": 2, "comments": 0.2591518030293469}, "Patty Mills": {"mentions": 1, "comments": 0.012586283832039948}, "Paul Millsap": {"mentions": 1, "comments": 0.014227319647019641}, "Shabazz Napier": {"mentions": 1, "comments": 0.17982756594068533}, "Joakim Noah": {"mentions": 2, "comments": 0.4808590267630385}, "Kyle O'Quinn": {"mentions": 1, "comments": 0.9649414538156315}, "Chris Paul": {"mentions": 9, "comments": 0.490337819105658}, "Kristaps Porzingis": {"mentions": 1, "comments": 0.7001449953205958}, "JJ Redick": {"mentions": 1, "comments": 0.3016864889400121}, "Rajon Rondo": {"mentions": 2, "comments": 0.17929545560125043}, "Ricky Rubio": {"mentions": 1, "comments": 0.20408412879545304}, "Ben Simmons": {"mentions": 9, "comments": 0.32313698416747766}, "JR Smith": {"mentions": 1, "comments": 0.47515936421123023}, "Tony Snell": {"mentions": 1, "comments": 0.09415470043953862}, "Lance Stephenson": {"mentions": 1, "comments": 0.06392252090499748}, "Jayson Tatum": {"mentions": 2, "comments": 0.339416969863608}, "Jeff Teague": {"mentions": 2, "comments": 0.5149815679231435}, "Isaiah Thomas": {"mentions": 2, "comments": 0.26708186630541386}, "Klay Thompson": {"mentions": 3, "comments": 0.8375793678582143}, "John Wall": {"mentions": 3, "comments": 0.8243556271568546}, "TJ Warren": {"mentions": 3, "comments": 0.3879855003601291}, "Russell Westbrook": {"mentions": 4, "comments": 0.7942239180374613}, "Andrew Wiggins": {"mentions": 2, "comments": 0.6198164651014975}, "Lou Williams": {"mentions": 1, "comments": 0.16427795784168908}, "Nick Young": {"mentions": 1, "comments": 0.8608425485268794}}